-- Script de insercao na bd

-- Inserção de tipos de estação

insert into t_tipo_estacao(id, codigo, descripcao) values(1,'PLU','Pluviométrica');
insert into t_tipo_estacao(id, codigo, descripcao) values(2,'FLU','Fluviométrica');
insert into t_tipo_estacao(id, codigo, descripcao) values(3,'TMP','Temperatura');
insert into t_tipo_estacao(id, codigo, descripcao) values(4,'UMI','Umidade');
insert into t_tipo_estacao(id, codigo, descripcao) values(5,'RAD','Radiação Solar');

-- Inserção de área de recorte
insert into t_area_recorte(id_area_recorte, latitudey1, latitudey2, longitudex1, longitudex2, nome) values(1, -7, -10, -38, -34, 'NordestePE');

-- Inserção de grade

insert into t_grade(id_grade, busca_ativa, latitude_inicial, longitude_inicial, nome, numero_pontos_latitude, numero_pontos_longitude, passo, quantidade_tempo_periodo, remote_path_ftp, tipo_grade, unidade_tempo_periodo) values(1, true, -58.0, -86.0, 'rec_5L_eta_15km', 446, 500, 0.15, 3, '/modelos/io/tempo/regional/Eta15km/rec_grib', 3, 3);

-- Inserção de estação

insert into t_estacao(id_estacao, codigo, nome, municipio, bacia_id_bacia, latitude, longitude, resposavel, operador, xutm, yutm, coordenadas, altitude, areadrenagem, uf, instalada, tipotransmissao, operadortelefonia, telefone, senha, patrimonio, abrigo, painelsolar, pluviometro, pressao, radar, cabometros, enderecoservidordados, loginservidordados, senhaservidordados, dateiniciooperacao, tipodado, observacoes, estadoEstacao, dataAtualizacaoEstado)values(1,39870000,'Atalaia',null,null,-9.50,-36.02,'ANA','APAC-PE',8947645,168121,'S9 30 26.7 W36 01 21.8',54.00,2520.00,'AL',true,'GPRS','Oi','82 8719-0990','AL',null,null,null,'S','S','S',90.00,null,null,null,null,'15Min',null,'NRM',null);
insert into t_estacao(id_estacao, codigo, nome, municipio, bacia_id_bacia, latitude, longitude, resposavel, operador, xutm, yutm, coordenadas, altitude, areadrenagem, uf, instalada, tipotransmissao, operadortelefonia, telefone, senha, patrimonio, abrigo, painelsolar, pluviometro, pressao, radar, cabometros, enderecoservidordados, loginservidordados, senhaservidordados, dateiniciooperacao, tipodado, observacoes, estadoEstacao, dataAtualizacaoEstado)values(2,39575000,'Canhotinho',null,null,-8.88,-36.21,'ANA','APAC-PE',9016680,145992,'S8 52 55.9 W36 13 06.2',null,null,'AL',true,'GPRS','TIM','87 9955-3148','AL','013.921',null,'2771-04','PLA 531/10','N','S',25.00,null,null,null,null,'15Min',null,'NRM',null);
insert into t_estacao(id_estacao, codigo, nome, municipio, bacia_id_bacia, latitude, longitude, resposavel, operador, xutm, yutm, coordenadas, altitude, areadrenagem, uf, instalada, tipotransmissao, operadortelefonia, telefone, senha, patrimonio, abrigo, painelsolar, pluviometro, pressao, radar, cabometros, enderecoservidordados, loginservidordados, senhaservidordados, dateiniciooperacao, tipodado, observacoes, estadoEstacao, dataAtualizacaoEstado)values(3,39690000,'Correntes',null,null,-9.12,-36.34,'ANA','APAC-PE',8989860,132786,'S9 07 23.9 W36 20 25.9',null,null,'AL',true,'Goes',null,null,null,null,null,null,'S','N','S',150.00,null,null,null,null,'15Min',null,'NRM',null);
insert into t_estacao(id_estacao, codigo, nome, municipio, bacia_id_bacia, latitude, longitude, resposavel, operador, xutm, yutm, coordenadas, altitude, areadrenagem, uf, instalada, tipotransmissao, operadortelefonia, telefone, senha, patrimonio, abrigo, painelsolar, pluviometro, pressao, radar, cabometros, enderecoservidordados, loginservidordados, senhaservidordados, dateiniciooperacao, tipodado, observacoes, estadoEstacao, dataAtualizacaoEstado)values(4,39770000,'Fazenda Boa Fortina',null,null,-9.44,-35.86,'ANA','APAC-PE',8954343,185873,'S9 26 53.8 W35 51 38.5',42.00,3900.00,'AL',false,null,null,null,null,null,null,null,null,null,null,null,null,null,null,null,'15Min',null,'NRM',null);
insert into t_estacao(id_estacao, codigo, nome, municipio, bacia_id_bacia, latitude, longitude, resposavel, operador, xutm, yutm, coordenadas, altitude, areadrenagem, uf, instalada, tipotransmissao, operadortelefonia, telefone, senha, patrimonio, abrigo, painelsolar, pluviometro, pressao, radar, cabometros, enderecoservidordados, loginservidordados, senhaservidordados, dateiniciooperacao, tipodado, observacoes, estadoEstacao, dataAtualizacaoEstado)values(5,39715000,'Palmeirina',null,null,-9.00,-36.32,'ANA','APAC-PE',9003296,134210,'S9 00 07.6 W36 19 35.3',null,null,'AL',true,'GPRS','Oi','87 8846-5745','4030','013.917',null,'2798-04','91583830','N','S',30.00,null,null,null,null,'15Min',null,'NRM',null);
insert into t_estacao(id_estacao, codigo, nome, municipio, bacia_id_bacia, latitude, longitude, resposavel, operador, xutm, yutm, coordenadas, altitude, areadrenagem, uf, instalada, tipotransmissao, operadortelefonia, telefone, senha, patrimonio, abrigo, painelsolar, pluviometro, pressao, radar, cabometros, enderecoservidordados, loginservidordados, senhaservidordados, dateiniciooperacao, tipodado, observacoes, estadoEstacao, dataAtualizacaoEstado)values(6,39850000,'Quebrangulo',null,null,-9.36,-36.41,'ANA','APAC-PE',8962858,124356,'S9 21 59.0 W36 25 10.1',null,1341.00,'AL',true,'Goes',null,null,null,'013.920',null,null,'S','S','S',60.00,null,null,null,null,'15Min',null,'NRM',null);
insert into t_estacao(id_estacao, codigo, nome, municipio, bacia_id_bacia, latitude, longitude, resposavel, operador, xutm, yutm, coordenadas, altitude, areadrenagem, uf, instalada, tipotransmissao, operadortelefonia, telefone, senha, patrimonio, abrigo, painelsolar, pluviometro, pressao, radar, cabometros, enderecoservidordados, loginservidordados, senhaservidordados, dateiniciooperacao, tipodado, observacoes, estadoEstacao, dataAtualizacaoEstado)values(7,39720000,'São José da Laje',null,null,-9.01,-36.05,'ANA','APAC-PE',9002353,163608,'S9 00 46.6 W36 03 34.2',null,1083.00,'AL',true,'GPRS','Claro','82 9199-1918','AL','013.916',null,'2783-04',null,'79004',null,40.00,null,null,null,null,'15Min',null,'NRM',null);
insert into t_estacao(id_estacao, codigo, nome, municipio, bacia_id_bacia, latitude, longitude, resposavel, operador, xutm, yutm, coordenadas, altitude, areadrenagem, uf, instalada, tipotransmissao, operadortelefonia, telefone, senha, patrimonio, abrigo, painelsolar, pluviometro, pressao, radar, cabometros, enderecoservidordados, loginservidordados, senhaservidordados, dateiniciooperacao, tipodado, observacoes, estadoEstacao, dataAtualizacaoEstado)values(8,39710000,'Brejão',null,null,-9.03,-36.59,'ANA','APAC-PE',8998969,104589,'S9 02 19.1 W36 35 45.1',null,null,'AL',true,'Goes',null,null,null,null,null,null,'S','N','S',100.00,null,null,null,null,'15Min',null,'NRM',null);
insert into t_estacao(id_estacao, codigo, nome, municipio, bacia_id_bacia, latitude, longitude, resposavel, operador, xutm, yutm, coordenadas, altitude, areadrenagem, uf, instalada, tipotransmissao, operadortelefonia, telefone, senha, patrimonio, abrigo, painelsolar, pluviometro, pressao, radar, cabometros, enderecoservidordados, loginservidordados, senhaservidordados, dateiniciooperacao, tipodado, observacoes, estadoEstacao, dataAtualizacaoEstado)values(9,39740000,'União dos Palmares',null,null,-9.18,-36.04,'ANA','APAC-PE',8983535,165603,'S9 10 59.0 W36 02 34.1',null,2980.00,'AL',true,'GPRS','Oi','82 8834-7467','AL','013.923',null,null,'PLA 524/10','79000',null,170.00,null,null,null,null,'15Min',null,'NRM',null);
insert into t_estacao(id_estacao, codigo, nome, municipio, bacia_id_bacia, latitude, longitude, resposavel, operador, xutm, yutm, coordenadas, altitude, areadrenagem, uf, instalada, tipotransmissao, operadortelefonia, telefone, senha, patrimonio, abrigo, painelsolar, pluviometro, pressao, radar, cabometros, enderecoservidordados, loginservidordados, senhaservidordados, dateiniciooperacao, tipodado, observacoes, estadoEstacao, dataAtualizacaoEstado)values(10,39890000,'Viçosa',null,null,-9.37,-36.24,'ANA','APAC-PE',8961894,143658,'S9 22 36.3 W36 14 38.6',300.00,1610.00,'AL',true,'GPRS','TIM','82 9606-6665','AL',null,null,null,'PLA 536/10','N','S',80.00,null,null,null,null,'15Min',null,'NRM',null);
insert into t_estacao(id_estacao, codigo, nome, municipio, bacia_id_bacia, latitude, longitude, resposavel, operador, xutm, yutm, coordenadas, altitude, areadrenagem, uf, instalada, tipotransmissao, operadortelefonia, telefone, senha, patrimonio, abrigo, painelsolar, pluviometro, pressao, radar, cabometros, enderecoservidordados, loginservidordados, senhaservidordados, dateiniciooperacao, tipodado, observacoes, estadoEstacao, dataAtualizacaoEstado)values(11,39590000,'Barreiros',null,1,-8.81,-35.18,'ANA','APAC-PE',9025008,259985,'S8 48 51.9 W35 10 56.4',null,null,'PE',false,null,null,null,null,null,null,null,null,null,null,null,null,null,null,null,'15Min',null,'NRM',null);
insert into t_estacao(id_estacao, codigo, nome, municipio, bacia_id_bacia, latitude, longitude, resposavel, operador, xutm, yutm, coordenadas, altitude, areadrenagem, uf, instalada, tipotransmissao, operadortelefonia, telefone, senha, patrimonio, abrigo, painelsolar, pluviometro, pressao, radar, cabometros, enderecoservidordados, loginservidordados, senhaservidordados, dateiniciooperacao, tipodado, observacoes, estadoEstacao, dataAtualizacaoEstado)values(12,39541000,'Belem de Maria',null,1,-8.62,-35.84,'ANA','APAC-PE',9045471,187248,'S8 37 30.5 W35 50 30.2',null,null,'PE',true,'GPRS','Claro','81 9442-2484','454277','014.096',null,null,'PLA 602/10','N','274477',5.00,null,null,null,null,'15Min',null,'NRM',null);

insert into t_estacao(id_estacao, codigo, nome, municipio, bacia_id_bacia, latitude, longitude, resposavel, operador, xutm, yutm, coordenadas, altitude, areadrenagem, uf, instalada, tipotransmissao, operadortelefonia, telefone, senha, patrimonio, abrigo, painelsolar, pluviometro, pressao, radar, cabometros, enderecoservidordados, loginservidordados, senhaservidordados, dateiniciooperacao, tipodado, observacoes, estadoEstacao, dataAtualizacaoEstado)values(13,39530000,'Cachoeirinha',null,1,-8.48,-36.23,'ANA','APAC-PE',9060267,144180,'S8 29 18.3 W36 13 53.3',null,null,'PE',true,'GPRS','Claro','81 9153-1848',null,'014.100',null,'2654-04','91583910','N','S',null,null,null,null,null,'15Min',null,'NRM',null);
insert into t_estacao(id_estacao, codigo, nome, municipio, bacia_id_bacia, latitude, longitude, resposavel, operador, xutm, yutm, coordenadas, altitude, areadrenagem, uf, instalada, tipotransmissao, operadortelefonia, telefone, senha, patrimonio, abrigo, painelsolar, pluviometro, pressao, radar, cabometros, enderecoservidordados, loginservidordados, senhaservidordados, dateiniciooperacao, tipodado, observacoes, estadoEstacao, dataAtualizacaoEstado)values(14,39550000,'Catende',null,1,-8.67,-35.72,'ANA','APAC-PE',9039678,200248,'S8 40 42.0 W35 43 26.7',null,null,'PE',true,'GPRS','TIM','81 9827-2209',null,'014.097',null,'2689-04','PLA 601/10','N','S',50.00,null,null,null,null,'15Min',null,'NRM',null);
insert into t_estacao(id_estacao, codigo, nome, municipio, bacia_id_bacia, latitude, longitude, resposavel, operador, xutm, yutm, coordenadas, altitude, areadrenagem, uf, instalada, tipotransmissao, operadortelefonia, telefone, senha, patrimonio, abrigo, painelsolar, pluviometro, pressao, radar, cabometros, enderecoservidordados, loginservidordados, senhaservidordados, dateiniciooperacao, tipodado, observacoes, estadoEstacao, dataAtualizacaoEstado)values(15,39571000,'Sítio Cachoeira (Colonia Leopoldina)',null,1,-8.90,-35.89,'ANA','APAC-PE',9013939,182089,'S8 54 34.7 W35 53 26.7',null,null,'PE',true,'Goes',null,null,null,'013.917','GP 004/10',null,'PLA 608/10','79004','S',15.00,null,null,null,null,'15Min',null,'NRM',null);
insert into t_estacao(id_estacao, codigo, nome, municipio, bacia_id_bacia, latitude, longitude, resposavel, operador, xutm, yutm, coordenadas, altitude, areadrenagem, uf, instalada, tipotransmissao, operadortelefonia, telefone, senha, patrimonio, abrigo, painelsolar, pluviometro, pressao, radar, cabometros, enderecoservidordados, loginservidordados, senhaservidordados, dateiniciooperacao, tipodado, observacoes, estadoEstacao, dataAtualizacaoEstado)values(16,39580000,'Jacúpe',null,1,-8.84,-35.44,'ANA','APAC-PE',9021810,230822,'S8 50 30.1 W35 26 51.0',115.00,725.00,'PE',true,'GPRS','Claro',null,null,null,null,null,'S','S','N',50.00,null,null,null,null,'15Min',null,'NRM',null);
insert into t_estacao(id_estacao, codigo, nome, municipio, bacia_id_bacia, latitude, longitude, resposavel, operador, xutm, yutm, coordenadas, altitude, areadrenagem, uf, instalada, tipotransmissao, operadortelefonia, telefone, senha, patrimonio, abrigo, painelsolar, pluviometro, pressao, radar, cabometros, enderecoservidordados, loginservidordados, senhaservidordados, dateiniciooperacao, tipodado, observacoes, estadoEstacao, dataAtualizacaoEstado)values(17,39560000,'Palmares',null,1,-8.68,-35.58,'ANA','APAC-PE',9039220,215592,'S8 41 00.4 W35 35 05.2',null,null,'PE',true,'GPRS','Claro','81 9415-4020','Clónio',null,'GP 252/10',null,'PLA 607/10','N','274470',65.00,null,null,null,null,'15Min',null,'NRM',null);
insert into t_estacao(id_estacao, codigo, nome, municipio, bacia_id_bacia, latitude, longitude, resposavel, operador, xutm, yutm, coordenadas, altitude, areadrenagem, uf, instalada, tipotransmissao, operadortelefonia, telefone, senha, patrimonio, abrigo, painelsolar, pluviometro, pressao, radar, cabometros, enderecoservidordados, loginservidordados, senhaservidordados, dateiniciooperacao, tipodado, observacoes, estadoEstacao, dataAtualizacaoEstado)values(18,39540750,'São Benedito do Sul',null,1,-8.81,-35.93,'ANA','APAC-PE',9024264,177267,'S8 48 57.7 W35 56 01.7',null,null,'PE',true,'GPRS','Claro','81 9210-0548','540750','014.101','GP 154/10',null,'PLA 534/10','55029','274478',30.00,null,null,null,null,'15Min',null,'NRM',null);
insert into t_estacao(id_estacao, codigo, nome, municipio, bacia_id_bacia, latitude, longitude, resposavel, operador, xutm, yutm, coordenadas, altitude, areadrenagem, uf, instalada, tipotransmissao, operadortelefonia, telefone, senha, patrimonio, abrigo, painelsolar, pluviometro, pressao, radar, cabometros, enderecoservidordados, loginservidordados, senhaservidordados, dateiniciooperacao, tipodado, observacoes, estadoEstacao, dataAtualizacaoEstado)values(19,39187800,'São Lourenço da Mata II',null,null,-7.99,-35.03,'ANA','APAC-PE',9115437,275673,'S7 59 52.0 W35 02 07.8',null,null,'PE',true,'GPRS','Claro',null,'Clónio',null,null,null,null,'N',null,200.00,null,null,null,null,'15Min',null,'NRM',null);
insert into t_estacao(id_estacao, codigo, nome, municipio, bacia_id_bacia, latitude, longitude, resposavel, operador, xutm, yutm, coordenadas, altitude, areadrenagem, uf, instalada, tipotransmissao, operadortelefonia, telefone, senha, patrimonio, abrigo, painelsolar, pluviometro, pressao, radar, cabometros, enderecoservidordados, loginservidordados, senhaservidordados, dateiniciooperacao, tipodado, observacoes, estadoEstacao, dataAtualizacaoEstado)values(20,39170000,'Vitória de Santo Antão',null,null,-8.11,-35.28,'ANA','APAC-PE',9102333,248330,'S8 06 53.7 W35 17 02.8',null,null,'PE',true,'GPRS','Claro',null,null,'014.105',null,'2614-04','PLA 600/10','N','S',170.00,null,null,null,null,'15Min',null,'NRM',null);
insert into t_estacao(id_estacao, codigo, nome, municipio, bacia_id_bacia, latitude, longitude, resposavel, operador, xutm, yutm, coordenadas, altitude, areadrenagem, uf, instalada, tipotransmissao, operadortelefonia, telefone, senha, patrimonio, abrigo, painelsolar, pluviometro, pressao, radar, cabometros, enderecoservidordados, loginservidordados, senhaservidordados, dateiniciooperacao, tipodado, observacoes, estadoEstacao, dataAtualizacaoEstado)values(21,39160000,'Barragem Glória do Goití',null,null,-7.96,-35.11,'ANA','APAC-PE',9118517,266832,'S7 58 10.3 W35 06 55.9',null,null,'PE',true,'GPRS','TIM',null,null,'014.104',null,null,'PLA 606/10','N','S',15.00,null,null,null,null,'15Min',null,'NRM',null);
insert into t_estacao(id_estacao, codigo, nome, municipio, bacia_id_bacia, latitude, longitude, resposavel, operador, xutm, yutm, coordenadas, altitude, areadrenagem, uf, instalada, tipotransmissao, operadortelefonia, telefone, senha, patrimonio, abrigo, painelsolar, pluviometro, pressao, radar, cabometros, enderecoservidordados, loginservidordados, senhaservidordados, dateiniciooperacao, tipodado, observacoes, estadoEstacao, dataAtualizacaoEstado)values(22,39150000,'Paudalho',null,null,-7.89,-35.17,'ANA','APAC-PE',9126819,260414,'S7 53 39.1 W35 10 24.0',null,null,'PE',true,'GPRS','Claro',null,null,null,null,null,'S','N','S',50.00,null,null,null,null,'15Min',null,'NRM',null);
insert into t_estacao(id_estacao, codigo, nome, municipio, bacia_id_bacia, latitude, longitude, resposavel, operador, xutm, yutm, coordenadas, altitude, areadrenagem, uf, instalada, tipotransmissao, operadortelefonia, telefone, senha, patrimonio, abrigo, painelsolar, pluviometro, pressao, radar, cabometros, enderecoservidordados, loginservidordados, senhaservidordados, dateiniciooperacao, tipodado, observacoes, estadoEstacao, dataAtualizacaoEstado)values(23,39145000,'Limoeiro',null,null,-7.87,-35.45,'ANA','APAC-PE',9128283,229798,'S7 52 45.9 W35 27 02.8',null,null,'PE',true,'GPRS','Claro',null,null,null,null,null,'S','N','S',90.00,null,null,null,null,'15Min',null,'NRM',null);
insert into t_estacao(id_estacao, codigo, nome, municipio, bacia_id_bacia, latitude, longitude, resposavel, operador, xutm, yutm, coordenadas, altitude, areadrenagem, uf, instalada, tipotransmissao, operadortelefonia, telefone, senha, patrimonio, abrigo, painelsolar, pluviometro, pressao, radar, cabometros, enderecoservidordados, loginservidordados, senhaservidordados, dateiniciooperacao, tipodado, observacoes, estadoEstacao, dataAtualizacaoEstado)values(24,39130000,'Toritama',null,null,-8.01,-36.05,'ANA','APAC-PE',9113078,162921,'S8 00 46.0 W36 03 28.0',null,null,'PE',false,null,null,null,null,null,null,null,null,null,null,null,null,null,null,null,'15Min',null,'NRM',null);
insert into t_estacao(id_estacao, codigo, nome, municipio, bacia_id_bacia, latitude, longitude, resposavel, operador, xutm, yutm, coordenadas, altitude, areadrenagem, uf, instalada, tipotransmissao, operadortelefonia, telefone, senha, patrimonio, abrigo, painelsolar, pluviometro, pressao, radar, cabometros, enderecoservidordados, loginservidordados, senhaservidordados, dateiniciooperacao, tipodado, observacoes, estadoEstacao, dataAtualizacaoEstado)values(25,224,'Carpina',null,null,-7.85,-35.24,'CPTEC','ITEP',0,0,null,null,null,null,null,null,null,null,null,null,null,null,null,null,null,null,null,null,null,'3/9/2005 00:00:00','3Horas',null,'NRM',null);
insert into t_estacao(id_estacao, codigo, nome, municipio, bacia_id_bacia, latitude, longitude, resposavel, operador, xutm, yutm, coordenadas, altitude, areadrenagem, uf, instalada, tipotransmissao, operadortelefonia, telefone, senha, patrimonio, abrigo, painelsolar, pluviometro, pressao, radar, cabometros, enderecoservidordados, loginservidordados, senhaservidordados, dateiniciooperacao, tipodado, observacoes, estadoEstacao, dataAtualizacaoEstado)values(26,225,'Araripina',null,null,-7.45,-40.41,'CPTEC','ITEP',0,0,null,null,null,null,null,null,null,null,null,null,null,null,null,null,null,null,null,null,null,'11/1/1990 00:00:00','3Horas',null,'NRM',null);
insert into t_estacao(id_estacao, codigo, nome, municipio, bacia_id_bacia, latitude, longitude, resposavel, operador, xutm, yutm, coordenadas, altitude, areadrenagem, uf, instalada, tipotransmissao, operadortelefonia, telefone, senha, patrimonio, abrigo, painelsolar, pluviometro, pressao, radar, cabometros, enderecoservidordados, loginservidordados, senhaservidordados, dateiniciooperacao, tipodado, observacoes, estadoEstacao, dataAtualizacaoEstado)values(27,231,'Arcoverde',null,null,-8.43,-37.05,'CPTEC','ITEP',0,0,null,null,null,null,null,null,null,null,null,null,null,null,null,null,null,null,null,null,null,'8/1/1990 00:00:00','3Horas',null,'NRM',null);
insert into t_estacao(id_estacao, codigo, nome, municipio, bacia_id_bacia, latitude, longitude, resposavel, operador, xutm, yutm, coordenadas, altitude, areadrenagem, uf, instalada, tipotransmissao, operadortelefonia, telefone, senha, patrimonio, abrigo, painelsolar, pluviometro, pressao, radar, cabometros, enderecoservidordados, loginservidordados, senhaservidordados, dateiniciooperacao, tipodado, observacoes, estadoEstacao, dataAtualizacaoEstado)values(28,239,'Petrolina',null,null,-9.33,-40.68,'CPTEC','ITEP',0,0,null,null,null,null,null,null,null,null,null,null,null,null,null,null,null,null,null,null,null,'13/1/2005 00:00:00','3Horas',null,'NRM',null);
insert into t_estacao(id_estacao, codigo, nome, municipio, bacia_id_bacia, latitude, longitude, resposavel, operador, xutm, yutm, coordenadas, altitude, areadrenagem, uf, instalada, tipotransmissao, operadortelefonia, telefone, senha, patrimonio, abrigo, painelsolar, pluviometro, pressao, radar, cabometros, enderecoservidordados, loginservidordados, senhaservidordados, dateiniciooperacao, tipodado, observacoes, estadoEstacao, dataAtualizacaoEstado)values(29,241,'Ipojuca (Porto de Galinhas)',null,null,-8.51,-35.00,'CPTEC','ITEP',0,0,null,null,null,null,null,null,null,null,null,null,null,null,null,null,null,null,null,null,null,'30/10/1999 00:00:00','3Horas',null,'NRM',null);
insert into t_estacao(id_estacao, codigo, nome, municipio, bacia_id_bacia, latitude, longitude, resposavel, operador, xutm, yutm, coordenadas, altitude, areadrenagem, uf, instalada, tipotransmissao, operadortelefonia, telefone, senha, patrimonio, abrigo, painelsolar, pluviometro, pressao, radar, cabometros, enderecoservidordados, loginservidordados, senhaservidordados, dateiniciooperacao, tipodado, observacoes, estadoEstacao, dataAtualizacaoEstado)values(30,257,'Belém de São Francisco',null,null,-8.75,-38.98,'CPTEC','ITEP',0,0,null,null,null,null,null,null,null,null,null,null,null,null,null,null,null,null,null,null,null,'26/8/2005 00:00:00','3Horas',null,'NRM',null);
insert into t_estacao(id_estacao, codigo, nome, municipio, bacia_id_bacia, latitude, longitude, resposavel, operador, xutm, yutm, coordenadas, altitude, areadrenagem, uf, instalada, tipotransmissao, operadortelefonia, telefone, senha, patrimonio, abrigo, painelsolar, pluviometro, pressao, radar, cabometros, enderecoservidordados, loginservidordados, senhaservidordados, dateiniciooperacao, tipodado, observacoes, estadoEstacao, dataAtualizacaoEstado)values(31,275,'Olinda',null,null,-8.03,-34.86,'CPTEC','ITEP',0,0,null,null,null,null,null,null,null,null,null,null,null,null,null,null,null,null,null,null,null,'25/10/2005 00:00:00','3Horas',null,'NRM',null);
insert into t_estacao(id_estacao, codigo, nome, municipio, bacia_id_bacia, latitude, longitude, resposavel, operador, xutm, yutm, coordenadas, altitude, areadrenagem, uf, instalada, tipotransmissao, operadortelefonia, telefone, senha, patrimonio, abrigo, painelsolar, pluviometro, pressao, radar, cabometros, enderecoservidordados, loginservidordados, senhaservidordados, dateiniciooperacao, tipodado, observacoes, estadoEstacao, dataAtualizacaoEstado)values(32,314,'Barreiros',null,1,-8.82,-35.19,'CPTEC','ITEP',0,0,null,null,null,null,null,null,null,null,null,null,null,null,null,null,null,null,null,null,null,'1/5/2003 00:00:00','3Horas',null,'NRM',null);
insert into t_estacao(id_estacao, codigo, nome, municipio, bacia_id_bacia, latitude, longitude, resposavel, operador, xutm, yutm, coordenadas, altitude, areadrenagem, uf, instalada, tipotransmissao, operadortelefonia, telefone, senha, patrimonio, abrigo, painelsolar, pluviometro, pressao, radar, cabometros, enderecoservidordados, loginservidordados, senhaservidordados, dateiniciooperacao, tipodado, observacoes, estadoEstacao, dataAtualizacaoEstado)values(33,337,'Sertánia',null,null,-8.06,-37.22,'CPTEC','ITEP',0,0,null,null,null,null,null,null,null,null,null,null,null,null,null,null,null,null,null,null,null,'25/1/2005 00:00:00','3Horas',null,'NRM',null);
insert into t_estacao(id_estacao, codigo, nome, municipio, bacia_id_bacia, latitude, longitude, resposavel, operador, xutm, yutm, coordenadas, altitude, areadrenagem, uf, instalada, tipotransmissao, operadortelefonia, telefone, senha, patrimonio, abrigo, painelsolar, pluviometro, pressao, radar, cabometros, enderecoservidordados, loginservidordados, senhaservidordados, dateiniciooperacao, tipodado, observacoes, estadoEstacao, dataAtualizacaoEstado)values(34,348,'Salgueiro',null,null,-8.07,-39.22,'CPTEC','ITEP',0,0,null,null,null,null,null,null,null,null,null,null,null,null,null,null,null,null,null,null,null,'19/4/2002 00:00:00','3Horas',null,'NRM',null);
insert into t_estacao(id_estacao, codigo, nome, municipio, bacia_id_bacia, latitude, longitude, resposavel, operador, xutm, yutm, coordenadas, altitude, areadrenagem, uf, instalada, tipotransmissao, operadortelefonia, telefone, senha, patrimonio, abrigo, painelsolar, pluviometro, pressao, radar, cabometros, enderecoservidordados, loginservidordados, senhaservidordados, dateiniciooperacao, tipodado, observacoes, estadoEstacao, dataAtualizacaoEstado)values(35,369,'Afrõnio',null,null,-8.51,-41.01,'CPTEC','ITEP',0,0,null,null,null,null,null,null,null,null,null,null,null,null,null,null,null,null,null,null,null,'26/5/2002 00:00:00','3Horas',null,'NRM',null);
insert into t_estacao(id_estacao, codigo, nome, municipio, bacia_id_bacia, latitude, longitude, resposavel, operador, xutm, yutm, coordenadas, altitude, areadrenagem, uf, instalada, tipotransmissao, operadortelefonia, telefone, senha, patrimonio, abrigo, painelsolar, pluviometro, pressao, radar, cabometros, enderecoservidordados, loginservidordados, senhaservidordados, dateiniciooperacao, tipodado, observacoes, estadoEstacao, dataAtualizacaoEstado)values(36,373,'Ouricuri',null,null,-7.87,-40.09,'CPTEC','ITEP',0,0,null,null,null,null,null,null,null,null,null,null,null,null,null,null,null,null,null,null,null,'21/2/2005 00:00:00','3Horas',null,'NRM',null);
insert into t_estacao(id_estacao, codigo, nome, municipio, bacia_id_bacia, latitude, longitude, resposavel, operador, xutm, yutm, coordenadas, altitude, areadrenagem, uf, instalada, tipotransmissao, operadortelefonia, telefone, senha, patrimonio, abrigo, painelsolar, pluviometro, pressao, radar, cabometros, enderecoservidordados, loginservidordados, senhaservidordados, dateiniciooperacao, tipodado, observacoes, estadoEstacao, dataAtualizacaoEstado)values(37,376,'Palmares',null,1,-8.66,-35.56,'CPTEC','ITEP',0,0,null,null,null,null,null,null,null,null,null,null,null,null,null,null,null,null,null,null,null,'4/6/2002 00:00:00','3Horas',null,'NRM',null);
insert into t_estacao(id_estacao, codigo, nome, municipio, bacia_id_bacia, latitude, longitude, resposavel, operador, xutm, yutm, coordenadas, altitude, areadrenagem, uf, instalada, tipotransmissao, operadortelefonia, telefone, senha, patrimonio, abrigo, painelsolar, pluviometro, pressao, radar, cabometros, enderecoservidordados, loginservidordados, senhaservidordados, dateiniciooperacao, tipodado, observacoes, estadoEstacao, dataAtualizacaoEstado)values(38,397,'Floresta',null,null,-8.60,-38.57,'CPTEC','ITEP',0,0,null,null,null,null,null,null,null,null,null,null,null,null,null,null,null,null,null,null,null,'9/5/2002 00:00:00','3Horas',null,'NRM',null);
insert into t_estacao(id_estacao, codigo, nome, municipio, bacia_id_bacia, latitude, longitude, resposavel, operador, xutm, yutm, coordenadas, altitude, areadrenagem, uf, instalada, tipotransmissao, operadortelefonia, telefone, senha, patrimonio, abrigo, painelsolar, pluviometro, pressao, radar, cabometros, enderecoservidordados, loginservidordados, senhaservidordados, dateiniciooperacao, tipodado, observacoes, estadoEstacao, dataAtualizacaoEstado)values(39,407,'São José do Egito',null,null,-7.44,-37.28,'CPTEC','ITEP',0,0,null,null,null,null,null,null,null,null,null,null,null,null,null,null,null,null,null,null,null,'3/6/2002 00:00:00','3Horas',null,'NRM',null);
insert into t_estacao(id_estacao, codigo, nome, municipio, bacia_id_bacia, latitude, longitude, resposavel, operador, xutm, yutm, coordenadas, altitude, areadrenagem, uf, instalada, tipotransmissao, operadortelefonia, telefone, senha, patrimonio, abrigo, painelsolar, pluviometro, pressao, radar, cabometros, enderecoservidordados, loginservidordados, senhaservidordados, dateiniciooperacao, tipodado, observacoes, estadoEstacao, dataAtualizacaoEstado)values(40,409,'Itambú',null,null,-7.40,-35.17,'CPTEC','ITEP',0,0,null,null,null,null,null,null,null,null,null,null,null,null,null,null,null,null,null,null,null,'14/4/2010 00:00:00','3Horas',null,'NRM',null);
insert into t_estacao(id_estacao, codigo, nome, municipio, bacia_id_bacia, latitude, longitude, resposavel, operador, xutm, yutm, coordenadas, altitude, areadrenagem, uf, instalada, tipotransmissao, operadortelefonia, telefone, senha, patrimonio, abrigo, painelsolar, pluviometro, pressao, radar, cabometros, enderecoservidordados, loginservidordados, senhaservidordados, dateiniciooperacao, tipodado, observacoes, estadoEstacao, dataAtualizacaoEstado)values(41,437,'Vertentes',null,null,-7.90,-35.97,'CPTEC','ITEP',0,0,null,null,null,null,null,null,null,null,null,null,null,null,null,null,null,null,null,null,null,'19/4/2002 00:00:00','3Horas',null,'NRM',null);
insert into t_estacao(id_estacao, codigo, nome, municipio, bacia_id_bacia, latitude, longitude, resposavel, operador, xutm, yutm, coordenadas, altitude, areadrenagem, uf, instalada, tipotransmissao, operadortelefonia, telefone, senha, patrimonio, abrigo, painelsolar, pluviometro, pressao, radar, cabometros, enderecoservidordados, loginservidordados, senhaservidordados, dateiniciooperacao, tipodado, observacoes, estadoEstacao, dataAtualizacaoEstado)values(42,443,'Brejão',null,null,-9.01,-36.53,'CPTEC','ITEP',0,0,null,null,null,null,null,null,null,null,null,null,null,null,null,null,null,null,null,null,null,'12/1/2004 00:00:00','3Horas',null,'NRM',null);
insert into t_estacao(id_estacao, codigo, nome, municipio, bacia_id_bacia, latitude, longitude, resposavel, operador, xutm, yutm, coordenadas, altitude, areadrenagem, uf, instalada, tipotransmissao, operadortelefonia, telefone, senha, patrimonio, abrigo, painelsolar, pluviometro, pressao, radar, cabometros, enderecoservidordados, loginservidordados, senhaservidordados, dateiniciooperacao, tipodado, observacoes, estadoEstacao, dataAtualizacaoEstado)values(43,460,'Bom Conselho',null,null,-9.17,-36.69,'CPTEC','ITEP',0,0,null,null,null,null,null,null,null,null,null,null,null,null,null,null,null,null,null,null,null,'13/4/2010 00:00:00','3Horas',null,'NRM',null);
insert into t_estacao(id_estacao, codigo, nome, municipio, bacia_id_bacia, latitude, longitude, resposavel, operador, xutm, yutm, coordenadas, altitude, areadrenagem, uf, instalada, tipotransmissao, operadortelefonia, telefone, senha, patrimonio, abrigo, painelsolar, pluviometro, pressao, radar, cabometros, enderecoservidordados, loginservidordados, senhaservidordados, dateiniciooperacao, tipodado, observacoes, estadoEstacao, dataAtualizacaoEstado)values(44,480,'Recife',null,null,-8.06,-34.92,'CPTEC','ITEP',0,0,null,null,null,null,null,null,null,null,null,null,null,null,null,null,null,null,null,null,null,'31/3/2000 00:00:00','3Horas',null,'NRM',null);
insert into t_estacao(id_estacao, codigo, nome, municipio, bacia_id_bacia, latitude, longitude, resposavel, operador, xutm, yutm, coordenadas, altitude, areadrenagem, uf, instalada, tipotransmissao, operadortelefonia, telefone, senha, patrimonio, abrigo, painelsolar, pluviometro, pressao, radar, cabometros, enderecoservidordados, loginservidordados, senhaservidordados, dateiniciooperacao, tipodado, observacoes, estadoEstacao, dataAtualizacaoEstado)values(45,484,'Caruaru',null,null,-8.23,-35.91,'CPTEC','ITEP',0,0,null,null,null,null,null,null,null,null,null,null,null,null,null,null,null,null,null,null,null,'19/3/2000 00:00:00','3Horas',null,'NRM',null);
insert into t_estacao(id_estacao, codigo, nome, municipio, bacia_id_bacia, latitude, longitude, resposavel, operador, xutm, yutm, coordenadas, altitude, areadrenagem, uf, instalada, tipotransmissao, operadortelefonia, telefone, senha, patrimonio, abrigo, painelsolar, pluviometro, pressao, radar, cabometros, enderecoservidordados, loginservidordados, senhaservidordados, dateiniciooperacao, tipodado, observacoes, estadoEstacao, dataAtualizacaoEstado)values(46,485,'Serra Talhada',null,null,-7.93,-38.28,'CPTEC','ITEP',0,0,null,null,null,null,null,null,null,null,null,null,null,null,null,null,null,null,null,null,null,'27/10/1999 00:00:00','3Horas',null,'NRM',null);
insert into t_estacao(id_estacao, codigo, nome, municipio, bacia_id_bacia, latitude, longitude, resposavel, operador, xutm, yutm, coordenadas, altitude, areadrenagem, uf, instalada, tipotransmissao, operadortelefonia, telefone, senha, patrimonio, abrigo, painelsolar, pluviometro, pressao, radar, cabometros, enderecoservidordados, loginservidordados, senhaservidordados, dateiniciooperacao, tipodado, observacoes, estadoEstacao, dataAtualizacaoEstado)values(47,486,'São Bento do Una',null,1,-8.52,-36.46,'CPTEC','ITEP',0,0,null,null,null,null,null,null,null,null,null,null,null,null,null,null,null,null,null,null,null,'30/10/1999 00:00:00','3Horas',null,'NRM',null);
insert into t_estacao(id_estacao, codigo, nome, municipio, bacia_id_bacia, latitude, longitude, resposavel, operador, xutm, yutm, coordenadas, altitude, areadrenagem, uf, instalada, tipotransmissao, operadortelefonia, telefone, senha, patrimonio, abrigo, painelsolar, pluviometro, pressao, radar, cabometros, enderecoservidordados, loginservidordados, senhaservidordados, dateiniciooperacao, tipodado, observacoes, estadoEstacao, dataAtualizacaoEstado)values(48,487,'Goiana',null,null,-7.64,-34.94,'CPTEC','ITEP',0,0,null,null,null,null,null,null,null,null,null,null,null,null,null,null,null,null,null,null,null,'12/3/2004 00:00:00','3Horas',null,'NRM',null);
insert into t_estacao(id_estacao, codigo, nome, municipio, bacia_id_bacia, latitude, longitude, resposavel, operador, xutm, yutm, coordenadas, altitude, areadrenagem, uf, instalada, tipotransmissao, operadortelefonia, telefone, senha, patrimonio, abrigo, painelsolar, pluviometro, pressao, radar, cabometros, enderecoservidordados, loginservidordados, senhaservidordados, dateiniciooperacao, tipodado, observacoes, estadoEstacao, dataAtualizacaoEstado)values(49,488,'Vitõria de Santo Antão',null,null,-8.12,-35.30,'CPTEC','ITEP',0,0,null,null,null,null,null,null,null,null,null,null,null,null,null,null,null,null,null,null,null,'11/11/1999 00:00:00','3Horas',null,'NRM',null);
insert into t_estacao(id_estacao, codigo, nome, municipio, bacia_id_bacia, latitude, longitude, resposavel, operador, xutm, yutm, coordenadas, altitude, areadrenagem, uf, instalada, tipotransmissao, operadortelefonia, telefone, senha, patrimonio, abrigo, painelsolar, pluviometro, pressao, radar, cabometros, enderecoservidordados, loginservidordados, senhaservidordados, dateiniciooperacao, tipodado, observacoes, estadoEstacao, dataAtualizacaoEstado)values(50,489,'Ibimirim',null,null,-8.53,-37.67,'CPTEC','ITEP',0,0,null,null,null,null,null,null,null,null,null,null,null,null,null,null,null,null,null,null,null,'22/1/2000 00:00:00','3Horas',null,'NRM',null);
insert into t_estacao(id_estacao, codigo, nome, municipio, bacia_id_bacia, latitude, longitude, resposavel, operador, xutm, yutm, coordenadas, altitude, areadrenagem, uf, instalada, tipotransmissao, operadortelefonia, telefone, senha, patrimonio, abrigo, painelsolar, pluviometro, pressao, radar, cabometros, enderecoservidordados, loginservidordados, senhaservidordados, dateiniciooperacao, tipodado, observacoes, estadoEstacao, dataAtualizacaoEstado)values(51,513,'Tacaratu',null,null,-9.10,-38.15,'CPTEC','ITEP',0,0,null,null,null,null,null,null,null,null,null,null,null,null,null,null,null,null,null,null,null,'3/11/2010 00:00:00','3Horas',null,'NRM',null);
insert into t_estacao(id_estacao, codigo, nome, municipio, bacia_id_bacia, latitude, longitude, resposavel, operador, xutm, yutm, coordenadas, altitude, areadrenagem, uf, instalada, tipotransmissao, operadortelefonia, telefone, senha, patrimonio, abrigo, painelsolar, pluviometro, pressao, radar, cabometros, enderecoservidordados, loginservidordados, senhaservidordados, dateiniciooperacao, tipodado, observacoes, estadoEstacao, dataAtualizacaoEstado)values(52,536,'Santa Maria da Boa Vista',null,null,-8.78,-39.83,'CPTEC','ITEP',0,0,null,null,null,null,null,null,null,null,null,null,null,null,null,null,null,null,null,null,null,'4/1/1990 00:00:00','3Horas',null,'NRM',null);
insert into t_estacao(id_estacao, codigo, nome, municipio, bacia_id_bacia, latitude, longitude, resposavel, operador, xutm, yutm, coordenadas, altitude, areadrenagem, uf, instalada, tipotransmissao, operadortelefonia, telefone, senha, patrimonio, abrigo, painelsolar, pluviometro, pressao, radar, cabometros, enderecoservidordados, loginservidordados, senhaservidordados, dateiniciooperacao, tipodado, observacoes, estadoEstacao, dataAtualizacaoEstado)values(53,537,'Fernando de Noronha',null,null,-3.84,-32.43,'CPTEC','ITEP',0,0,null,null,null,null,null,null,null,null,null,null,null,null,null,null,null,null,null,null,null,'30/8/2002 00:00:00','3Horas',null,'NRM',null);
insert into t_estacao(id_estacao, codigo, nome, municipio, bacia_id_bacia, latitude, longitude, resposavel, operador, xutm, yutm, coordenadas, altitude, areadrenagem, uf, instalada, tipotransmissao, operadortelefonia, telefone, senha, patrimonio, abrigo, painelsolar, pluviometro, pressao, radar, cabometros, enderecoservidordados, loginservidordados, senhaservidordados, dateiniciooperacao, tipodado, observacoes, estadoEstacao, dataAtualizacaoEstado)values(54,540,'Caruaru (Olho D´agua do Felix)',null,null,-8.03,-36.11,'CPTEC','ITEP',0,0,null,null,null,null,null,null,null,null,null,null,null,null,null,null,null,null,null,null,null,'23/10/2010 00:00:00','3Horas',null,'NRM',null);
insert into t_estacao(id_estacao, codigo, nome, municipio, bacia_id_bacia, latitude, longitude, resposavel, operador, xutm, yutm, coordenadas, altitude, areadrenagem, uf, instalada, tipotransmissao, operadortelefonia, telefone, senha, patrimonio, abrigo, painelsolar, pluviometro, pressao, radar, cabometros, enderecoservidordados, loginservidordados, senhaservidordados, dateiniciooperacao, tipodado, observacoes, estadoEstacao, dataAtualizacaoEstado)values(55,542,'Pombos',null,null,-8.14,-35.40,'CPTEC','ITEP',0,0,null,null,null,null,null,null,null,null,null,null,null,null,null,null,null,null,null,null,null,'31/12/1999 00:00:00','3Horas',null,'NRM',null);
insert into t_estacao(id_estacao, codigo, nome, municipio, bacia_id_bacia, latitude, longitude, resposavel, operador, xutm, yutm, coordenadas, altitude, areadrenagem, uf, instalada, tipotransmissao, operadortelefonia, telefone, senha, patrimonio, abrigo, painelsolar, pluviometro, pressao, radar, cabometros, enderecoservidordados, loginservidordados, senhaservidordados, dateiniciooperacao, tipodado, observacoes, estadoEstacao, dataAtualizacaoEstado)values(56,549,'Afogados da Ingazeira',null,null,-7.75,-37.63,'CPTEC','ITEP',0,0,null,null,null,null,null,null,null,null,null,null,null,null,null,null,null,null,null,null,null,'16/11/2010 00:00:00','3Horas',null,'NRM',null);
insert into t_estacao(id_estacao, codigo, nome, municipio, bacia_id_bacia, latitude, longitude, resposavel, operador, xutm, yutm, coordenadas, altitude, areadrenagem, uf, instalada, tipotransmissao, operadortelefonia, telefone, senha, patrimonio, abrigo, painelsolar, pluviometro, pressao, radar, cabometros, enderecoservidordados, loginservidordados, senhaservidordados, dateiniciooperacao, tipodado, observacoes, estadoEstacao, dataAtualizacaoEstado)values(57,588,'Jataiba',null,null,-7.98,-36.50,'CPTEC','ITEP',0,0,null,null,null,null,null,null,null,null,null,null,null,null,null,null,null,null,null,null,null,'16/10/2010 00:00:00','3Horas',null,'NRM',null);
insert into t_estacao(id_estacao, codigo, nome, municipio, bacia_id_bacia, latitude, longitude, resposavel, operador, xutm, yutm, coordenadas, altitude, areadrenagem, uf, instalada, tipotransmissao, operadortelefonia, telefone, senha, patrimonio, abrigo, painelsolar, pluviometro, pressao, radar, cabometros, enderecoservidordados, loginservidordados, senhaservidordados, dateiniciooperacao, tipodado, observacoes, estadoEstacao, dataAtualizacaoEstado)values(58,589,'Taquaritinga do Norte',null,null,-7.84,-36.04,'CPTEC','ITEP',0,0,null,null,null,null,null,null,null,null,null,null,null,null,null,null,null,null,null,null,null,'28/7/2010 00:00:00','3Horas',null,'NRM',null);
insert into t_estacao(id_estacao, codigo, nome, municipio, bacia_id_bacia, latitude, longitude, resposavel, operador, xutm, yutm, coordenadas, altitude, areadrenagem, uf, instalada, tipotransmissao, operadortelefonia, telefone, senha, patrimonio, abrigo, painelsolar, pluviometro, pressao, radar, cabometros, enderecoservidordados, loginservidordados, senhaservidordados, dateiniciooperacao, tipodado, observacoes, estadoEstacao, dataAtualizacaoEstado)values(59,590,'Exu',null,null,-7.51,-39.72,'CPTEC','ITEP',0,0,null,null,null,null,null,null,null,null,null,null,null,null,null,null,null,null,null,null,null,'15/11/2010 00:00:00','3Horas',null,'NRM',null);
insert into t_estacao(id_estacao, codigo, nome, municipio, bacia_id_bacia, latitude, longitude, resposavel, operador, xutm, yutm, coordenadas, altitude, areadrenagem, uf, instalada, tipotransmissao, operadortelefonia, telefone, senha, patrimonio, abrigo, painelsolar, pluviometro, pressao, radar, cabometros, enderecoservidordados, loginservidordados, senhaservidordados, dateiniciooperacao, tipodado, observacoes, estadoEstacao, dataAtualizacaoEstado)values(60,591,'São José do Belmonte',null,null,-7.85,-38.78,'CPTEC','ITEP',0,0,null,null,null,null,null,null,null,null,null,null,null,null,null,null,null,null,null,null,null,'2/7/2010 00:00:00','3Horas',null,'NRM',null);
insert into t_estacao(id_estacao, codigo, nome, municipio, bacia_id_bacia, latitude, longitude, resposavel, operador, xutm, yutm, coordenadas, altitude, areadrenagem, uf, instalada, tipotransmissao, operadortelefonia, telefone, senha, patrimonio, abrigo, painelsolar, pluviometro, pressao, radar, cabometros, enderecoservidordados, loginservidordados, senhaservidordados, dateiniciooperacao, tipodado, observacoes, estadoEstacao, dataAtualizacaoEstado)values(61,496,'Palmerina (Inhumas)','Palmeirina',2,-8.98,-36.36,'CPTEC','ITEP',0,0,null,null,null,null,null,null,null,null,null,null,null,null,null,null,null,null,null,null,null,null,'3Horas',null,'NRM',null);
insert into t_estacao(id_estacao, codigo, nome, municipio, bacia_id_bacia, latitude, longitude, resposavel, operador, xutm, yutm, coordenadas, altitude, areadrenagem, uf, instalada, tipotransmissao, operadortelefonia, telefone, senha, patrimonio, abrigo, painelsolar, pluviometro, pressao, radar, cabometros, enderecoservidordados, loginservidordados, senhaservidordados, dateiniciooperacao, tipodado, observacoes, estadoEstacao, dataAtualizacaoEstado)values(62,504,'Bonito (Prata)','Bonito',1,-8.46,-35.71,'CPTEC','ITEP',0,0,null,null,null,null,null,null,null,null,null,null,null,null,null,null,null,null,null,null,null,null,'3Horas',null,'NRM',null);


insert into t_estacao_tipo_map(estacoes_id_estacao, tipos_id) values(1,1);
insert into t_estacao_tipo_map(estacoes_id_estacao, tipos_id) values(1,2);
insert into t_estacao_tipo_map(estacoes_id_estacao, tipos_id) values(2,1);
insert into t_estacao_tipo_map(estacoes_id_estacao, tipos_id) values(3,1);
insert into t_estacao_tipo_map(estacoes_id_estacao, tipos_id) values(4,1);
insert into t_estacao_tipo_map(estacoes_id_estacao, tipos_id) values(4,2);
insert into t_estacao_tipo_map(estacoes_id_estacao, tipos_id) values(5,1);
insert into t_estacao_tipo_map(estacoes_id_estacao, tipos_id) values(6,1);
insert into t_estacao_tipo_map(estacoes_id_estacao, tipos_id) values(6,2);
insert into t_estacao_tipo_map(estacoes_id_estacao, tipos_id) values(7,1);
insert into t_estacao_tipo_map(estacoes_id_estacao, tipos_id) values(7,2);
insert into t_estacao_tipo_map(estacoes_id_estacao, tipos_id) values(8,1);
insert into t_estacao_tipo_map(estacoes_id_estacao, tipos_id) values(9,1);
insert into t_estacao_tipo_map(estacoes_id_estacao, tipos_id) values(9,2);
insert into t_estacao_tipo_map(estacoes_id_estacao, tipos_id) values(10,1);
insert into t_estacao_tipo_map(estacoes_id_estacao, tipos_id) values(10,2);
insert into t_estacao_tipo_map(estacoes_id_estacao, tipos_id) values(11,1);
insert into t_estacao_tipo_map(estacoes_id_estacao, tipos_id) values(12,1);
insert into t_estacao_tipo_map(estacoes_id_estacao, tipos_id) values(13,1);
insert into t_estacao_tipo_map(estacoes_id_estacao, tipos_id) values(14,1);
insert into t_estacao_tipo_map(estacoes_id_estacao, tipos_id) values(15,1);
insert into t_estacao_tipo_map(estacoes_id_estacao, tipos_id) values(16,1);
insert into t_estacao_tipo_map(estacoes_id_estacao, tipos_id) values(16,2);
insert into t_estacao_tipo_map(estacoes_id_estacao, tipos_id) values(17,1);
insert into t_estacao_tipo_map(estacoes_id_estacao, tipos_id) values(18,1);
insert into t_estacao_tipo_map(estacoes_id_estacao, tipos_id) values(19,1);
insert into t_estacao_tipo_map(estacoes_id_estacao, tipos_id) values(20,1);
insert into t_estacao_tipo_map(estacoes_id_estacao, tipos_id) values(21,1);
insert into t_estacao_tipo_map(estacoes_id_estacao, tipos_id) values(22,1);
insert into t_estacao_tipo_map(estacoes_id_estacao, tipos_id) values(23,1);
insert into t_estacao_tipo_map(estacoes_id_estacao, tipos_id) values(24,1);
insert into t_estacao_tipo_map(estacoes_id_estacao, tipos_id) values(25,1);
insert into t_estacao_tipo_map(estacoes_id_estacao, tipos_id) values(26,1);
insert into t_estacao_tipo_map(estacoes_id_estacao, tipos_id) values(27,1);
insert into t_estacao_tipo_map(estacoes_id_estacao, tipos_id) values(28,1);
insert into t_estacao_tipo_map(estacoes_id_estacao, tipos_id) values(29,1);
insert into t_estacao_tipo_map(estacoes_id_estacao, tipos_id) values(30,1);
insert into t_estacao_tipo_map(estacoes_id_estacao, tipos_id) values(31,1);
insert into t_estacao_tipo_map(estacoes_id_estacao, tipos_id) values(32,1);
insert into t_estacao_tipo_map(estacoes_id_estacao, tipos_id) values(33,1);
insert into t_estacao_tipo_map(estacoes_id_estacao, tipos_id) values(34,1);
insert into t_estacao_tipo_map(estacoes_id_estacao, tipos_id) values(35,1);
insert into t_estacao_tipo_map(estacoes_id_estacao, tipos_id) values(36,1);
insert into t_estacao_tipo_map(estacoes_id_estacao, tipos_id) values(37,1);
insert into t_estacao_tipo_map(estacoes_id_estacao, tipos_id) values(38,1);
insert into t_estacao_tipo_map(estacoes_id_estacao, tipos_id) values(39,1);
insert into t_estacao_tipo_map(estacoes_id_estacao, tipos_id) values(40,1);
insert into t_estacao_tipo_map(estacoes_id_estacao, tipos_id) values(41,1);
insert into t_estacao_tipo_map(estacoes_id_estacao, tipos_id) values(42,1);
insert into t_estacao_tipo_map(estacoes_id_estacao, tipos_id) values(43,1);
insert into t_estacao_tipo_map(estacoes_id_estacao, tipos_id) values(44,1);
insert into t_estacao_tipo_map(estacoes_id_estacao, tipos_id) values(45,1);
insert into t_estacao_tipo_map(estacoes_id_estacao, tipos_id) values(46,1);
insert into t_estacao_tipo_map(estacoes_id_estacao, tipos_id) values(47,1);
insert into t_estacao_tipo_map(estacoes_id_estacao, tipos_id) values(48,1);
insert into t_estacao_tipo_map(estacoes_id_estacao, tipos_id) values(49,1);
insert into t_estacao_tipo_map(estacoes_id_estacao, tipos_id) values(50,1);
insert into t_estacao_tipo_map(estacoes_id_estacao, tipos_id) values(51,1);
insert into t_estacao_tipo_map(estacoes_id_estacao, tipos_id) values(52,1);
insert into t_estacao_tipo_map(estacoes_id_estacao, tipos_id) values(53,1);
insert into t_estacao_tipo_map(estacoes_id_estacao, tipos_id) values(54,1);
insert into t_estacao_tipo_map(estacoes_id_estacao, tipos_id) values(55,1);
insert into t_estacao_tipo_map(estacoes_id_estacao, tipos_id) values(56,1);
insert into t_estacao_tipo_map(estacoes_id_estacao, tipos_id) values(57,1);
insert into t_estacao_tipo_map(estacoes_id_estacao, tipos_id) values(58,1);
insert into t_estacao_tipo_map(estacoes_id_estacao, tipos_id) values(59,1);
insert into t_estacao_tipo_map(estacoes_id_estacao, tipos_id) values(60,1);
insert into t_estacao_tipo_map(estacoes_id_estacao, tipos_id) values(61,2);
insert into t_estacao_tipo_map(estacoes_id_estacao, tipos_id) values(62,1);
